"iduser";"first_name";"gender"
5421;"Peter";"mail"
5431;"Miguel";"femail"
5441;"Benjamin";"femail"
5451;"Wallace";"femail"
5461;"Bryan ";"mail"
5471;"Alexander";"femail"
5481;"Harry";"femail"
5491;"Aidan";"femail"
5501;"Benjamin";"mail"
5511;"Anthony";"mail"
5521;"Malcolm";"mail"
5531;"Bernard";"mail"
5541;"Antonio";"femail"
5551;"Adrian";"femail"
5561;"Jackson";"mail"
5571;"Miguel";"mail"
5581;"Curtis";"mail"
5591;"Hayden";"mail"
5601;"Mason";"femail"
5611;"Charles";"mail"
5621;"Elijah";"mail"
5631;"Jonathan";"mail"
5641;"Thomas";"mail"
5651;"Tyler ";"femail"
5661;"Clifford";"mail"
5671;"Jesus";"femail"
5681;"John";"mail"
5691;"Norman ";"femail"
5701;"Robert";"femail"
5711;"Michael";"mail"
5721;"Ethan";"mail"
5731;"Justin ";"femail"
5741;"Gabriel";"femail"
5751;"Ashton";"mail"
5761;"David";"mail"
5771;"Jason";"femail"
5781;"Jack";"mail"
5791;"Fred ";"femail"
5801;"Nathan";"mail"
5811;"Douglas";"mail"
5821;"Howard";"femail"
5831;"Brian";"femail"
5841;"Bruce";"mail"
5851;"Ralph";"mail"
5861;"Timothy";"mail"
5871;"Joshua";"femail"
5881;"Chase";"femail"
5891;"Jeremiah";"mail"
5901;"Noah";"mail"
5911;"Neil";"mail"
5921;"Douglas";"femail"
5931;"Blake";"mail"
5941;"Gavin";"femail"
5951;"Hunter ";"femail"
5961;"Albert";"mail"
5971;"Raymond";"mail"
5981;"George";"femail"
5991;"Nathaniel";"femail"
6001;"Steven ";"femail"
6011;"Miles";"femail"
6021;"Jordan";"femail"
6031;"Clifford";"femail"
6041;"Adam";"femail"
6051;"Christopher";"femail"
6061;"Bruce";"femail"
6071;"Abraham";"mail"
6081;"Reginald";"mail"
6091;"Carl";"mail"
6101;"Joshua";"mail"
6111;"Nicholas";"mail"
6121;"Fred ";"mail"
6131;"Abraham";"femail"
6141;"Chase";"mail"
6151;"Michael";"femail"
6161;"Cody";"mail"
6171;"Horace";"mail"
6181;"Jason";"mail"
6191;"Henry";"femail"
6201;"Philip ";"mail"
6211;"Thomas";"femail"
6221;"Jayden";"femail"
6231;"Miles";"mail"
6241;"John";"femail"
6251;"Jose";"mail"
6261;"Howard";"mail"
6271;"Cyrus ";"femail"
6281;"Jackson";"femail"
6291;"Martin";"femail"
6301;"Horace";"femail"
6311;"Donald";"mail"
6321;"Angel";"femail"
6331;"Austin ";"femail"
6341;"Joseph";"mail"
6351;"Jake";"femail"
6361;"William";"femail"
6371;"Elijah";"femail"
6381;"Adam";"mail"
6391;"Jack";"femail"
6401;"David";"femail"
6411;"Antonio";"mail"
6421;"Gerld";"mail"
6431;"Raymond";"femail"
6441;"Adrian";"mail"
6451;"Jacob";"femail"
6461;"Matthew";"femail"
6471;"Simon";"femail"
6481;"Bernard";"femail"
6491;"Francis";"mail"
6501;"Connor";"mail"
6511;"Julian";"mail"
6521;"Evan ";"mail"
6531;"Diego";"mail"
6541;"Harry";"mail"
6551;"Cole";"femail"
6561;"Sebastian";"mail"
6571;"Walter";"mail"
6581;"Morgan ";"femail"
6591;"Noah";"femail"
6601;"Morgan ";"mail"
6611;"William";"mail"
6621;"Rodrigo";"femail"
6631;"Wyatt";"mail"
6641;"Jeffery";"femail"
6651;"Ryan ";"femail"
6661;"Steven ";"mail"
6671;"Norman ";"mail"
6681;"Matthew";"mail"
6691;"Jake";"mail"
6701;"Malcolm";"femail"
6711;"Andrew";"femail"
6721;"Jordan";"mail"
6731;"Alan";"femail"
6741;"Graham";"femail"
6751;"Christopher";"mail"
6761;"Juan";"mail"
6771;"Christian";"mail"
6781;"Seth";"femail"
6791;"Jesse";"femail"
6801;"Alex";"mail"
6811;"James";"femail"
6821;"Hayden";"femail"
6831;"Aaron";"femail"
6841;"Gilbert";"mail"
6851;"Aaron";"mail"
6861;"James";"mail"
6871;"Reginald";"femail"
6881;"Donald";"femail"
6891;"Gabriel";"mail"
6901;"Mason";"mail"
6911;"Brandon";"femail"
6921;"Dominic";"femail"
6931;"Jeremiah";"femail"
6941;"Albert";"femail"
6951;"Eric";"femail"
6961;"Jesse";"mail"
6971;"Richard";"mail"
6981;"Ethan";"femail"
6991;"Ronald";"mail"
7001;"Graham";"mail"
7011;"Charles";"femail"
7021;"Jose";"femail"
7031;"Jaden";"femail"
7041;"Bryan ";"femail"
7051;"Brian";"mail"
7061;"Roger";"femail"
7071;"Nicholas";"femail"
7081;"Alexander";"mail"
7091;"Timothy";"femail"
7101;"Devin";"mail"
7111;"Daniel";"femail"
7121;"Wallace";"mail"
7131;"Cody";"femail"
7141;"Austin ";"mail"
7151;"Francis";"femail"
7161;"Gavin";"mail"
7171;"Alfred";"mail"
7181;"Cyrus ";"mail"
7191;"Martin";"mail"
7201;"Samuel";"mail"
7211;"Seth";"mail"
7221;"Julian";"femail"
7231;"Gordon";"mail"
7241;"Cameron";"mail"
7251;"Herbert";"mail"
7261;"Richard";"femail"
7271;"Jacob";"mail"
7281;"Carter";"femail"
7291;"Harold";"mail"
7301;"Angel";"mail"
7311;"Gregory ";"femail"
7321;"Colin";"mail"
7331;"Patrick";"femail"
7341;"Ronald";"femail"
7351;"Brandon";"mail"
7361;"George";"mail"
7371;"Henry";"mail"
7381;"Alfred";"femail"
7391;"Jayden";"mail"
7401;"Edward";"mail"
7411;"Nathan";"femail"
7421;"Diego";"femail"
7431;"Connor";"femail"
7441;"Alejandro";"femail"
7451;"Gerld";"femail"
7461;"Evan ";"femail"
7471;"Caleb";"mail"
7481;"Caleb";"femail"
7491;"Gregory ";"mail"
7501;"Jonathan";"femail"
7511;"Christian";"femail"
7521;"Stanley";"femail"
7531;"Juan";"femail"
7541;"Ashton";"femail"
7551;"Robert";"mail"
7561;"Blake";"femail"
7571;"Devin";"femail"
7581;"Joseph";"femail"
7591;"Edward";"femail"
7601;"Samuel";"femail"
7611;"Rodrigo";"mail"
7621;"Justin ";"mail"
7631;"Carlos";"mail"
7641;"Hugh";"femail"
7651;"Wyatt";"femail"
7661;"Daniel";"mail"
7671;"Simon";"mail"
7681;"Carter";"mail"
7691;"Jeffery";"mail"
7701;"Eric";"mail"
7711;"Hunter ";"mail"
7721;"Harold";"femail"
7731;"Hugh";"mail"
7741;"Curtis";"femail"
7751;"Dennis";"mail"
7761;"Cole";"mail"
7771;"Carlos";"femail"
7781;"Tyler ";"mail"
7791;"Philip ";"femail"
7801;"Dylan ";"mail"
7811;"Andrew";"mail"
7821;"Dennis";"femail"
7831;"Ryan ";"mail"
7841;"Ralph";"femail"
7851;"Jesus";"mail"
7861;"Aidan";"mail"
7871;"Jaden";"mail"
7881;"Stanley";"mail"
7891;"Gordon";"femail"
7901;"Carl";"femail"
7911;"Alan";"mail"
7921;"Gilbert";"femail"
7931;"Anthony";"femail"
7941;"Dylan ";"femail"
7951;"Cameron";"femail"
7961;"Sean";"mail"
7971;"Walter";"femail"
7981;"Roger";"mail"
7991;"Peter";"femail"
8001;"Colin";"femail"
8011;"Alejandro";"mail"
8021;"Nathaniel";"mail"
8031;"Sean";"femail"
8041;"Neil";"femail"
8051;"Herbert";"femail"
8061;"Alex";"femail"
8071;"Dominic";"mail"
8081;"Sebastian";"femail"
8091;"Geoffrey";"mail"
8101;"Geoffrey";"femail"
8111;"Patrick";"mail"
8121;"Настя";"female"
